Name,Label,PluralLabel,Deprecated,AllowsWildCards,RootFolder,Extn,SingleFile,SingleFileName,ParentName,HasMetaXml,InFolders,Documentation
AccountSettings,Account Settings,Account Settings,false,false,settings,settings,true,Account.settings,,false,false,"Represents an organization’s account settings for account teams, account owner report, and the View Hierarchy link."
ActionLinkGroupTemplate,Action Link Group Template,Action Link Group Templates,false,true,actionLinkGroupTemplates,actionLinkGroupTemplate,false,,,false,false,"Represents the action link group template. Action link templates let you reuse action link definitions and package and distribute action links. An action link is a button on a feed element. Clicking on an action link can take a user to another Web page, initiate a file download, or invoke an API call to an external server or Salesforce. Use action links to integrate Salesforce and third-party services into the feed. Every action link belongs to an action link group and action links within the group are mutually exclusive."
ActionOverride,Action Override,Action Overrides,false,false,objects,object,false,,CustomObject,false,false,"Represents an action override on a standard or custom object. Use it to create, update, edit, or delete action overrides."
ActivitiesSettings,Activities Settings,Activities Settings,false,false,settings,settings,true,Activities.settings,,false,false,"Represents an organization’s activity settings, and its user interface settings for the calendar."
AddressSettings,Address Settings,Address Settings,false,false,settings,settings,true,Address.settings,,false,false,Represents the configuration of country and state picklists.
AnalyticSnapshot,Analytic Snapshot,Analytic Snapshots,false,false,analyticSnapshots,snapshot,false,,,false,false,"Represents a reporting snapshot. A reporting snapshot lets you report on historical data. Authorized users can save tabular or summary report results to fields on a custom object, then map those fields to corresponding fields on a target object. They can then schedule when to run the report to load the custom object's fields with the report's data. Reporting snapshots enable you to work with report data similarly to how you work with other records in Salesforce."
ApexClass,Apex Class,Apex Class,false,true,classes,cls,false,,,true,false,"Represents an Apex class. An Apex class is a template or blueprint from which Apex objects are created. Classes consist of other classes, user-defined methods, variables, exception types, and static initialization code."
ApexComponent,Apex Component,Apex Components,false,true,components,component,false,,,true,false,Represents a Visualforce component.
ApexPage,Apex Page,Apex Pages,false,true,pages,page,false,,,true,false,Represents a Visualforce page.
ApexTestSuite,Apex Test Suite,Apex Test Suites,false,false,testSuites,testSuite,false,,,false,false,Represents a suite of Apex test classes to include in a test run.
ApexTrigger,Apex Trigger,Apex Triggers,false,true,triggers,trigger,false,,,true,false,"Represents an Apex trigger. A trigger is Apex code that executes before or after specific data manipulation language (DML) events occur, such as before object records are inserted into the database, or after records have been deleted."
AppMenu,App Menu,App Menus,false,true,appMenus,appMenu,false,,,false,false,Represents the app menu or the Salesforce mobile navigation menu.
ApprovalProcess,Approval Process,Approval Process,false,true,approvalProcesses,approvalProcess,false,,,false,false,"Represents the metadata associated with an approval process. An approval process automates how records are approved in Salesforce. An approval process specifies each step of approval, including who to request approval from and what to do at each point of the process. Use the wildcard (*) symbol to retrieve all approval processes for all objects. You can’t use it to retrieve a subset of approval processes; syntax such as Lead.* is not supported."
ArticleType,Article Type,Article Types,false,true,objects,object,false,,,false,false,Represents the metadata associated with an article type.
AssignmentRule,Assignment Rule,Assignment Rule,false,false,assignmentRules,assignmentRules,false,,AssignmentRules,false,false,
AssignmentRules,Assignment Rules,Assignment Rules,false,true,assignmentRules,assignmentRules,false,,,false,false,"Represents assignment rules that allow you to automatically route cases to the appropriate users or queues. You can access rules metadata for all applicable objects, for a specific object, or for a specific rule on a specific object."
AssistantRecommendationType,Assistant Recommendation Type,Assistant Recommendation Types,false,false,assistantRecommendationTypes,assistantRecommendationType,false,,,false,false,
AuraDefinitionBundle,Aura Definition Bundle,Aura Definition Bundles,false,true,aura,,false,,,false,false,"Represents a Lightning definition bundle. A bundle contains a Lightning definition and all its related resources. The definition can be a component, application, event, interface, or a tokens collection."
AuthProvider,Auth Provider,Auth Providers,false,true,authproviders,authprovider,false,,,false,false,Represents an authentication provider (or auth provider) in your organization. An auth provider enables users to log in to your Salesforce organization using their login credentials from an external service provider such as Facebook© or Janrain©.
AutoResponseRule,AutoResponse Rule,AutoResponse Rule,false,false,autoResponseRules,autoResponseRules,false,,AutoResponseRules,false,false,
AutoResponseRules,Auto Response Rules,Auto Response Rules,false,true,autoResponseRules,autoResponseRules,false,,,false,false,"Represents an auto-response rule that sets conditions for sending automatic email responses to lead or case submissions based on the attributes of the submitted record. You can access rules metadata for all applicable objects, for a specific object, or for a specific rule on a specific object."
BaseSharingRule,Base Sharing Rule,Base Sharing Rules,true,true,sharingRules,sharingRules,false,,SharingRules,false,false,This component is removed as of API version 33.0 and is available in earlier versions only. Use SharingBaseRuleinstead. Represents the base container for criteria-based and owner-based sharing rules.
BrandingSet,Branding Set,Branding Sets,false,true,brandingSets,brandingSet,false,,,false,false,"Represents the definition of a set of branding properties for a community, as defined in the Branding Panel in Community Builder."
BusinessHoursSettings,Business Hours Settings,Business Hours Settings,false,false,settings,settings,true,BusinessHours.settings,,false,false,"Represents the metadata used to manage settings for business hours and holidays in entitlements, entitlement templates, campaigns, and cases."
BusinessProcess,Business Process,Business Process,false,false,objects,object,false,,CustomObject,false,false,The BusinessProcess metadata type enables you to display different picklist values for users based on their profile. Supports wildcard (*) only if a RecordType is specified.
CallCenter,Call Center,Call Centers,false,true,callCenters,callCenter,false,,,false,false,Represents the Call Center definition used to integrate Salesforce with a third-party computer-telephony integration (CTI) system.
CaseSettings,Case Settings,Case Settings,false,false,settings,settings,true,Case.settings,,false,false,"Represents an organization’s case settings, such as the default case owner, which case-related features are enabled, and which email templates are used for various case activities."
CaseSubjectParticle,Case Subject Particle,Case Subject Particles,false,false,CaseSubjectParticles,CaseSubjectParticle,false,,,false,false,Represents the Social Business Rules custom format for the Case Subject field on cases created from inbound social posts.
Certificate,Certificate,Certificates,false,true,certs,crt,false,,,true,false,"Represents a certificate used for digital signatures which verify that requests are coming from your org. Certificates are used for either authenticated single sign-on with an external website, or when using your org as an identity provider."
ChannelLayout,Channel Layout,Channel Layouts,false,false,channelLayouts,channelLayout,false,,,false,false,
ChatterAnswersSettings,Chatter Answers Settings,Chatter Answers Settings,false,false,settings,settings,true,ChatterAnswers.settings,,false,false,Represents the metadata used to manage settings for Chatter Answers.
ChatterExtension,Chatter Extension,Chatter Extensions,false,false,ChatterExtensions,ChatterExtension,false,,,false,false,Represents the metadata used to describe a Rich Publisher App that’s integrated with the Chatter publisher.
CleanDataService,Clean Data Service,Clean Data Services,false,true,cleanDataServices,cleanDataService,false,,,false,false,Represents a data service that adds and updates data in standard objects.
CMSConnectSource,CMS Connect Source,CMS Connect Source,false,false,cmsConnectSource,cmsConnectSource,false,,,false,false,Represents the connection information for external content management systems that feed content to Communities. This type extends the Metadata metadata type and inherits its fullName field.
Community,Community,Communitys,false,true,communities,community,false,,,false,false,"Represents a zone that contains Ideas or Chatter Answers objects. Zones are shared by the Ideas, Answers, and Chatter Answers features, allowing you to view and create zones from those locations."
CommunityTemplateDefinition,Community Template Definition,Community Template Definitions,false,true,communityTemplateDefinitions,communityTemplateDefinition,false,,,false,false,Represents the definition of a community template.
CommunityThemeDefinition,Community Theme Definition,Community Theme Definitions,false,true,communityThemeDefinitions,communityThemeDefinition,false,,,false,false,Represents the definition of a community theme.
CompactLayout,Compact Layout,Compact Layouts,false,true,objects,object,false,,CustomObject,false,false,Represents the metadata associated with a compact layout.
CompanySettings,Company Settings,Company Settings,false,false,settings,settings,true,Company.settings,,false,false,Represents global settings that affect multiple features in your organization.
ConnectedApp,Connected App,Connected Apps,false,true,connectedApps,connectedApp,false,,,false,false,"Represents a connected app configuration. A connected app integrates an application with Salesforce using APIs. Connected apps use standard SAML and OAuth protocols to authenticate, provide single sign-on, and provide tokens for use with Salesforce APIs. In addition to standard OAuth capabilities, connected apps allow Salesforce admins to set various security policies and have explicit control over who can use the corresponding apps."
ContentAsset,Content Asset,Content Assets,false,true,contentassets,asset,false,,,true,false,Represents the metadata for creating an asset file.
ContractSettings,Contract Settings,Contract Settings,false,false,settings,settings,true,Contract.settings,,false,false,Represents contract settings.
CorsWhitelistOrigin,Cors Whitelist Origin,Cors Whitelist Origins,false,true,corsWhitelistOrigins,corsWhitelistOrigin,false,,,false,false,Represents an origin in the CORS whitelist.
CriteriaBasedSharingRule,Criteria Based Sharing Rule,Criteria Based Sharing Rules,true,true,sharingRules,sharingRules,false,,SharingRules,false,false,"This component is removed as of API version 33.0 and is available in earlier versions only. Use SharingRules instead. Represents a criteria-based sharing rule. CriteriaBasedSharingRule enables you to share records based on specific criteria. It contains metadata for the following criteria-based sharing rules: Accounts, Campaigns, Cases, Contacts, Custom Objects, Leads, and Opportunities."
CspTrustedSite,Csp Trusted Site,Csp Trusted Sites,false,false,cspTrustedSites,cspTrustedSite,false,,,false,false,"Represents the metadata associated with a workflow rule. A workflow rule sets workflow actions into motion when its designated conditions are met. You can configure workflow actions to execute immediately when a record meets the conditions in your workflow rule, or set time triggers that execute the workflow actions on a specific day. Use this metadata type to create, update, or delete workflow rule definitions."
CustomApplication,Custom Application,Custom Applications,false,true,applications,app,false,,,false,false,"CustomApplication represents a custom or standard application. In API version 29.0 and earlier, CustomApplication represents only a custom application. An application is a list of tab references, with a description and a logo."
CustomApplicationComponent,Custom Application Component,Custom Application Components,false,true,customApplicationComponents,customApplicationComponent,false,,,false,false,Represents a custom console component (Visualforce page) assigned to a CustomApplication that is marked as a Salesforce console. Custom console components extend the capabilities of Salesforce console apps.
CustomFeedFilter,Custom Feed Filter,Custom Feed Filters,false,true,feedFilters,feedFilter,false,,,false,false,Represents a custom feed filter that limits the feed view to feeds from the Cases object. The custom feed filter shows only feed items that satisfy the criteria specified in the CustomFeedFilter definition.
CustomField,Custom Field,Custom Fields,false,false,objects,object,false,,CustomObject,false,false,"Represents the metadata associated with a field. Use this metadata type to create, update, or delete custom field definitions on standard, custom, and external objects or standard field definitions on standard objects."
CustomLabel,Custom Label,Custom Labels,false,false,labels,labels,false,,CustomLabels,false,false,"Represents a custom label that can be localized and used in different languages, countries, and currencies. Use this type instead of CustomLabels if you want to retrieve custom labels by name."
CustomLabels,Custom Labels,Custom Labels,false,true,labels,labels,false,,,false,false,"The CustomLabels metadata type allows you to create custom labels that can be localized for use in different languages, countries, and currencies."
CustomMetadata,Custom Metadata,Custom Metadatas,false,true,customMetadata,md,false,,,false,false,Represents a record of a custom metadata type.
CustomObject,Custom Object,Custom Objects,false,false,objects,object,false,,,false,false,"Represents a custom object that stores data unique to your organization or an external object that maps to data stored outside your org. You can also use this metadata type to work with customizations of standard objects, such as Accounts. It contains the following types: Action Overrides, Business Processes, Custom Fields, Field Sets, List Views, Named Filters (Lookup Filters), Picklists (including Dependent Picklists), Record Types, Search Layouts, Sharing Reasons, Sharing Recalculations, Validation Rules, Weblinks, and Field Types. Supports wildcard (*) for Field Sets and Record Types, but not for other components."
CustomObjectTranslation,Custom Object Translation,Custom Object Translations,false,true,objectTranslations,objectTranslation,false,,,false,false,This metadata type allows you to translate custom objects for a variety of languages.
CustomPageWebLink,Custom Page Web Link,Custom Page Web Links,false,true,weblinks,weblink,false,,,false,false,Represents a custom link defined in a home page component.
CustomPermission,Custom Permission,Custom Permissions,false,true,customPermissions,customPermission,false,,,false,false,Represents a permission that grants access to a custom feature.
CustomSite,Custom Site,Custom Sites,false,true,sites,site,false,,,false,false,"Represents a Salesforce site. Create public websites and applications that are directly integrated with your Salesforce organization, but don't require users to log in with a username and password."
CustomTab,Custom Tab,Custom Tabs,false,true,tabs,tab,false,,,false,false,"Represents a custom tab. Custom tabs let you display custom object data or other web content in Salesforce. When you add a custom tab to an app in Salesforce Classic, it displays as a tab. When you add a custom tab to an app in Lightning Experience, it displays as an item in the app’s navigation bar. When a tab displays a custom object, the tab name is the same as the custom object name; for page, s-control, or URL tabs, the name is arbitrary."
Dashboard,Dashboard,Dashboards,false,false,dashboards,dashboard,false,,,false,true,Represents a dashboard. Dashboards are visual representations of data that allow you to see key metrics and performance at a glance.
DashboardFolder,Dashboard Folder,Dashboard Folders,false,false,dashboards,dashboard,false,,,false,false,
DataCategoryGroup,Data Category Group,Data Category Groups,false,true,datacategorygroups,datacategorygroup,false,,,false,false,Represents a data category group.
DelegateGroup,Delegate Group,Delegate Groups,false,true,delegateGroups,delegateGroup,false,,,false,false,Represents a group of users who have the same administrative privileges. These groups are different from public groups used for sharing.
Document,Document,Documents,false,false,documents,,false,,,true,true,"Represents a Document. All documents must be in a document folder, such as sampleFolder/TestDocument."
DocumentFolder,Document Folder,Document Folders,false,false,documents,document,false,,,false,false,
DuplicateRule,Duplicate Rule,Duplicate Rules,false,true,duplicateRules,duplicateRule,false,,,false,false,Represents a rule that specifies how duplicate records in an object are detected.
EclairGeoData,Eclair Geo Data,Eclair Geo Datas,false,true,eclair,geodata,false,,,true,false,Represents a Wave custom map chart. Custom maps are user-defined maps that are uploaded to Wave and are used just as standard maps are. Custom maps are accessed in Wave from the list of maps available with the map chart type.
EmailFolder,Email Folder,Email Folders,false,false,email,email,false,,,false,false,
EmailServicesFunction,Email Services Function,Email Services Functions,false,false,emailservices,xml,false,,,false,false,Represents an email service.
EmailTemplate,Email Template,Email Templates,false,false,email,email,false,,,true,true,Represents an email template.
EmbeddedServiceBranding,Embedded Service Branding,Embedded Service Brandings,false,false,EmbeddedServiceBranding,EmbeddedServiceBranding,false,,,false,false,Represents the branding for each Snap-ins deployment.
EmbeddedServiceConfig,Embedded Service Config,Embedded Service Configs,false,false,EmbeddedServiceConfig,EmbeddedServiceConfig,false,,,false,false,Represents a setup node for creating a Snap-ins deployment.
EmbeddedServiceLiveAgent,Embedded Service Live Agent,Embedded Service Live Agents,false,false,EmbeddedServiceLiveAgent,EmbeddedServiceLiveAgent,false,,,false,false,Represents a setup node for creating a Snap-ins Chat Live Agent deployment.
EntitlementProcess,Entitlement Process,Entitlement Process,false,true,entitlementProcesses,entitlementProcess,false,,,false,false,Represents the settings for an entitlement process.
EntitlementSettings,Entitlement Settings,Entitlement Settings,false,false,settings,settings,true,Entitlements.settings,,false,false,Represents an organization’s entitlement settings.
EntitlementTemplate,Entitlement Template,Entitlement Templates,false,true,entitlementTemplates,entitlementTemplate,false,,,false,false,"Represents an entitlement template. Entitlement templates are predefined terms of customer support that you can quickly add to products. For example, you can create entitlement templates for Web or phone support so that users can easily add entitlements to products offered to customers."
EscalationRule,Escalation Rule,Escalation Rule,false,false,escalationRules,escalationRules,false,,EscalationRules,false,false,
EscalationRules,Escalation Rules,Escalation Rules,false,false,escalationRules,escalationRules,false,,,false,false,
EventDelivery,Event Delivery,Event Deliverys,false,true,eventDeliveries,delivery,false,,,false,false,Represents how an event instance maps to a target payload.
EventSubscription,Event Subscription,Event Subscriptions,false,true,eventSubscriptions,subscription,false,,,false,false,Represents a subscription to an event type.
ExternalDataSource,External Data Source,External Data Sources,false,true,dataSources,dataSource,false,,,false,false,Represents the metadata associated with an external data source. Create external data sources to manage connection details for integration with data and content that are stored outside your Salesforce org.
ExternalServiceRegistration,External Service Registration,External Service Registrations,false,true,externalServiceRegistrations,externalServiceRegistration,false,,,false,false,Represents the External Service configuration for an org.
FeatureParameterBoolean,Feature Parameter Boolean,Feature Parameter Booleans,false,true,featureParameters,featureParameterBoolean,false,,,false,false,Represents a boolean feature parameter in a packaging org that has access to the Feature Management App (FMA). Feature parameters let you drive app behavior and track activation metrics in subscriber orgs that install your package.
FeatureParameterDate,Feature Parameter Date,Feature Parameter Dates,false,true,featureParameters,featureParameterDate,false,,,false,false,Represents a date feature parameter in a packaging org that has access to the Feature Management App (FMA). Feature parameters let you drive app behavior and track activation metrics in subscriber orgs that install your package.
FeatureParameterInteger,Feature Parameter Integer,Feature Parameter Integers,false,true,featureParameters,featureParameterInteger,false,,,false,false,Represents an integer feature parameter in a packaging org that has access to the Feature Management App (FMA). Feature parameters let you drive app behavior and track activation metrics in subscriber orgs that install your package.
FieldServiceSettings,Field Service Settings,Field Service Settings,false,false,settings,settings,true,FieldService.settings,,false,false,Represents an organization’s entitlement settings.
FieldSet,Field Set,Field Sets,false,true,objects,object,false,,CustomObject,false,false,"Represents a field set. A field set is a grouping of fields. For example, you could have a field set that contains fields describing a user's first name, middle name, last name, and business title."
FileUploadAndDownloadSecuritySettings,File Upload And Download Security Settings,File Upload And Download Security Settings,false,false,settings,settings,true,FileUploadAndDownloadSecurity.settings,,false,false,Represents the security settings for uploading and downloading files.
FlexiPage,Flexi Page,Flexi Pages,false,true,flexipages,flexipage,false,,,false,false,Represents the metadata associated with a Lightning page. A Lightning page represents a customizable screen made up of regions containing Lightning components.
Flow,Flow,Flows,false,true,flows,flow,false,,,false,false,"Represents the metadata associated with a flow. With Flow, you can create an application that navigates users through a series of screens to query and update records in the database. You can also execute logic and provide branching capability based on user input to build dynamic applications."
FlowCategory,Flow Category,Flow Categories,false,false,flowCategories,flowCategory,false,,,false,false,
FlowDefinition,Flow Definition,Flow Definitions,false,true,flowDefinitions,flowDefinition,false,,,false,false,Represents the flow definition’s description and active flow version number.
Folder,Folder,Folders,false,false,,,false,,,false,false,"Represents a folder. A folder can contain documents, email templates, reports, or dashboards. You must specify the folder type (Document, EmailTemplate, Report, or Dashboard) to retrieve or deploy."
FolderShare,Folder Share,Folder Shares,false,false,,,false,,,false,false,"Represents the settings for enhanced analytics folder sharing. Users can control access to reports or dashboards by giving others Viewer, Editor or Manager access to the folder that contains the report or dashboard."
ForecastingSettings,Forecasting Settings,Forecasting Settings,false,false,settings,settings,true,Forecasting.settings,,false,false,Represents the Collaborative Forecasts settings options.
GlobalPicklist,Global Picklist,Global Picklists,alse,false,globalPicklist,globalPicklist,false,,,false,,
GlobalPicklistValue,Global Picklist Value,Global Picklist Values,false,false,,,false,,,false,false,Represents the definition of a value used in a global picklist. Custom picklist fields can inherit the picklist value set from a global picklist. This type extends the Metadata metadata type and inherits its fullName field.
GlobalValueSet,Global Value Set,Global Value Sets,false,true,globalValueSets,globalValueSet,false,,,false,false,"Represents the metadata for a global picklist value set, which is the set of shared values that custom picklist fields can use. A global value set isn't a field itself. (In contrast, the custom picklist fields that are based on a global picklist are of type ValueSet.)"
GlobalValueSetTranslation,Global Value Set Translation,Global Value Set Translations,false,true,globalValueSetTranslations,globalValueSetTranslation,false,,,false,false,"Contains details for a global value set translation. Global value sets are lists of values that can be shared by multiple custom picklist fields, optionally across objects."
Group,Group,Groups,false,true,groups,group,false,,,false,false,"Represents a set of public groups, which can have users, roles, and other groups."
HomePageComponent,Home Page Component,Home Page Components,false,true,homePageComponents,homePageComponent,false,,,false,false,"Represents the metadata associated with a home page component. You can customize the Home tab in Salesforce Classic to include components such as sidebar links, a company logo, a dashboard snapshot, or custom components that you create. Use to create, update, or delete home page component definitions."
HomePageLayout,Home Page Layout,Home Page Layouts,false,true,homePageLayouts,homePageLayout,false,,,false,false,Represents the metadata associated with a home page layout. You can customize home page layouts and assign the layouts to users based on their user profile.
IdeasSettings,Ideas Settings,Ideas Settings,false,false,settings,settings,true,Ideas.settings,,false,false,Represents the metadata used to manage settings for Ideas.
Index,Index,Indexs,false,false,objects,object,false,,CustomObject,false,false,Represents an index defined within a custom big object. Use this metadata type to define the composite primary key (index) for a custom big object.
InstalledPackage,Installed Package,Installed Packages,false,true,installedPackages,installedPackage,false,,,false,false,Represents a package to be installed or uninstalled. Deploying a newer version of a currently installed package upgrades the package.
KeywordList,Keyword List,Keyword Lists,false,true,moderation,keywords,false,,,false,false,Represents a list of keywords used in community moderation. This keyword list is a type of moderation criteria that defines offensive language or inappropriate content that you don’t want in your community.
KnowledgeSettings,Knowledge Settings,Knowledge Settings,false,false,settings,settings,true,Knowledge.settings,,false,false,Represents the metadata used to manage settings for Salesforce Knowledge.
Layout,Layout,Layouts,false,true,layouts,layout,false,,,false,false,Represents the metadata associated with a page layout.
LeadConvertSettings,Lead Convert Settings,Lead Convert Settings,false,false,LeadConvertSettings,LeadConvertSetting,false,,,false,false,
Letterhead,Letterhead,Letterheads,false,false,letterhead,letter,false,,,false,false,"Represents formatting options for the letterhead in an email template. A letterhead defines the logo, page color, and text settings for your HTML email templates. Use letterheads to ensure a consistent look and feel in your company’s emails."
LightningBolt,Lightning Bolt,Lightning Bolts,false,false,lightningBolts,lightningBolt,false,,,false,false,
LightningComponentBundle,Lightning Component Bundle,Lightning Component Bundles,false,false,lightningcomponents,,false,,,false,false,
LightningExperienceTheme,Lightning Experience Theme,Lightning Experience Themes,false,false,lightningExperienceThemes,lightningExperienceTheme,false,,,false,false,
ListView,List View,List Views,false,false,objects,object,false,,CustomObject,false,false,"ListView allows you to see a filtered list of records, such as contacts, accounts, or custom objects."
LiveAgentSettings,Live Agent Settings,Live Agent Settings,false,false,settings,settings,true,LiveAgent.settings,,false,false,"Represents an organization’s Live Agent settings, such as whether or not Live Agent is enabled."
LiveChatAgentConfig,Live Chat Agent Config,Live Chat Agent Configs,false,true,liveChatAgentConfigs,liveChatAgentConfig,false,,,false,false,"Represents the configuration of an organization’s Live Agent deployment, such as how many chats can be assigned to an agent and whether or not chat sounds are enabled."
LiveChatButton,Live Chat Button,Live Chat Buttons,false,true,liveChatButtons,liveChatButton,false,,,false,false,"Represents a Live Agent deployment’s settings for the button that customers click to chat with an agent and the chat window, such as the label that appears on the button and the pre-chat form that appears before a live chat begins."
LiveChatDeployment,Live Chat Deployment,Live Chat Deployments,false,true,liveChatDeployments,liveChatDeployment,false,,,false,false,"Represents the configuration settings for a specific Live Agent deployment, such as the branding image for the deployment and whether or not chat transcripts are automatically saved."
LiveChatSensitiveDataRule,Live Chat Sensitive Data Rule,Live Chat Sensitive Data Rules,false,true,liveChatSensitiveDataRule,liveChatSensitiveDataRule,false,,,false,false,Represents a rule for masking or deleting data of a specified pattern. Written as a regular expression (regex). This object is available in API version 35.0 and later.
ManagedTopic,Managed Topic,Managed Topics,false,false,managedTopics,managedTopics,false,,ManagedTopics,false,false,
ManagedTopics,Managed Topics,Managed Topics,false,true,managedTopics,managedTopics,false,,,false,false,Represents navigational and featured topics managed in a community.
MatchingRule,Matching Rule,Matching Rules,false,true,matchingRules,matchingRule,false,,MatchingRules,false,false,Represents a matching rule that is used to identify duplicate records.
MatchingRules,Matching Rule,Matching Rules,false,false,matchingRules,matchingRule,false,,,false,false,
Metadata,Metadata,Metadatas,false,false,,,false,,,false,false,This is the base class for all metadata types. You cannot edit this object. A component is an instance of a metadata type.
MetadataWithContent,Metadata With Content,Metadata With Contents,false,false,,,false,,,false,false,"MetadataWithContent is the base type for all metadata types that contain content, such as documents or email templates."
MilestoneType,Milestone Type,Milestone Types,false,true,milestoneTypes,milestoneType,false,,,false,false,"Represents the name and description of a milestone, which you can use in an entitlement process to track important steps in cases."
MobileSettings,Mobile Settings,Mobile Settings,false,false,settings,settings,true,Mobile.settings,,false,false,Represents an organization’s mobile settings.
ModerationRule,Moderation Rule,Moderation Rules,false,true,moderation,rule,false,,,false,false,"Represents a rule used in your community to moderate member-generated content.Each rule specifies the member-generated content the rule applies to, the criteria to enforce the rule on, and the moderation action to take. Moderation rules help protect your community from spammers, bots, and offensive or inappropriate content."
NamedCredential,Named Credential,Named Credentials,false,true,namedCredentials,namedCredential,false,,,false,false,"Represents a named credential, which specifies the URL of a callout endpoint and its required authentication parameters in one definition. A named credential can be specified as an endpoint to simplify the setup of authenticated callouts."
NamedFilter,Named Filter,Named Filters,false,false,objects,object,false,,CustomObject,false,false,"This component has been removed as of API version 30.0 and is only provided for backward compatibility. The metadata associated with a lookup filter is now represented by the lookupFilter field in the CustomField component. Represents the metadata associated with a lookup filter. This metadata type is used to create, update, or delete lookup filter definitions. This component has been removed as of API version 30.0 and is only available in previous API versions. The metadata associated with a lookup filter is now represented by the lookupFilter field in the CustomField component."
NameSettings,Name Settings,Name Settings,false,false,settings,settings,true,Name.settings,,false,false,"Enables or disables middle name and suffix attributes for the following person objects: Contact, Lead, Person Account, and User."
Network,Network,Networks,false,true,networks,network,false,,,false,false,"Represents a community. Communities are branded spaces for your employees, customers, and partners to connect. You can customize and create communities to meet your business needs, then transition seamlessly between them. Use the Network component for Salesforce Communities. If you want to create zones that contain Chatter Answers and Ideas, use the Community (Zone) component."
NetworkBranding,Network Branding,Network Brandings,false,true,networkBranding,networkBranding,false,,,true,false,Represents the branding and color scheme applied to a community.
OmniChannelSettings,Omni Channel Settings,Omni Channel Settings,false,false,settings,settings,true,OmniChannel.settings,,false,false,"Enables or disables middle name and suffix attributes for the following person objects: Contact, Lead, Person Account, and User."
OpportunitySettings,Opportunity Settings,Opportunity Settings,false,false,settings,settings,true,Opportunity.settings,,false,false,Represents organization preferences for features such as automatic opportunity updates and similar-opportunity filters.
OrderSettings,Order Settings,Order Settings,false,false,settings,settings,true,Order.settings,,false,false,Represents order settings.
OrgPreferenceSettings,Org Preference Settings,Org Preference Settings,false,false,settings,settings,true,OrgPreference.settings,,false,false,Represents the unique org preference settings in a Salesforce org.
OwnerSharingRule,Owner Sharing Rule,Owner Sharing Rules,false,true,sharingRules,sharingRules,false,,SharingRules,false,false,"Represents an ownership-based sharing rule. OwnerSharingRule enables you to share records owned by a set of users with another set, using rules that specify the access level of the target user group. This component is removed as of API version 33.0 and is available in earlier versions only. It contains metadata for the following specific owner-sharing rules: Accounts, Campaigns, Cases, Contacts, Custom Objects, Leads, Account Territory and Opportunities."
Package,Package,Packages,false,false,,,false,,,false,false,Specifies which metadata components to retrieve as part of a retrieve() call or defines a package of components.
PathAssistant,Path Assistant,Path Assistants,false,true,pathAssistants,pathAssistant,false,,,false,false,Represents Path records.
PathAssistantSettings,Path Assistant Settings,Path Assistant Settings,false,false,settings,settings,true,PathAssistant.settings,,false,false,Represents the Path preference setting.
PermissionSet,Permission Set,Permission Sets,false,true,permissionsets,permissionset,false,,,false,false,Represents a set of permissions that's used to grant additional access to one or more users without changing their profile or reassigning profiles. You can use permission sets to grant access but not to deny access.
PersonalJourneySettings,Personal Journey Settings,Personal Journey Settings,false,false,settings,settings,true,PersonalJourney.settings,,false,false,"Represents an organization’s Adoption Manager setting, which enables or disables the Adoption Manager tool."
Picklist,Picklist ( Including  Dependent  Picklist),Picklist ( Including  Dependent  Picklist)s,false,false,,,false,,,false,false,"Deprecated. Represents a picklist (or dependent picklist) definition for a custom field in a custom object or a custom or standard field in a standard object, such as an account."
PlatformCachePartition,Platform Cache Partition,Platform Cache Partitions,false,true,cachePartitions,cachePartition,false,,,false,false,Represents a partition in the Platform Cache.
Portal,Portal,Portals,false,true,portals,portal,false,,,false,false,The Portal metadata type represents a partner portal or Customer Portal.
PostTemplate,Post Template,Post Templates,false,true,postTemplates,postTemplate,false,,,false,false,"Represents the metadata associated with an approval post template for Approvals in Chatter. With approval post templates, you can customize the information included in approval request posts that appear in Chatter feeds."
ProductSettings,Product Settings,Product Settings,false,false,settings,settings,true,Product.settings,,false,false,"Represents organization preferences for quantity schedules, revenue schedules, and active flag interaction with prices."
Profile,Profile,Profiles,false,true,profiles,profile,false,,,false,false,Represents a user profile. A profile defines a user’s permission to perform different functions within Salesforce.
ProfileActionOverride,Profile Action Override,Profile Action Overrides,false,false,,,false,,,false,false,"Represents an override of an ActionOverride by a user profile. You can use it to override an ActionOverride on a standard Home tab or object record page in Lightning Experience. When a user logs in with a profile, a matching ProfileActionOverride assignment takes precedence over existing overrides for the Home tab or record page specified in ActionOverride."
ProfilePasswordPolicy,Profile Password Policy,Profile Password Policys,false,true,profilePasswordPolicies,profilePasswordPolicy,false,,,false,false,Represents a profile’s password policies. Profile password policies override org-wide password policies for that profile’s users. Use ProfilePasswordPolicy to retrieve password policies for a given profile.
ProfileSessionSetting,Profile Session Setting,Profile Session Settings,false,true,profileSessionSettings,profileSessionSetting,false,,,false,false,Represents a profile’s session settings. Use ProfileSessionSetting to retrieve the session settings for a given profile.
Queue,Queue,Queues,false,true,queues,queue,false,,,false,false,Represents a holding area for items before they are processed.
QuickAction,Quick Action,Quick Actions,false,true,quickActions,quickAction,false,,,false,false,"Represents a specified create or update quick action for an object that then becomes available in the Chatter publisher. For example, you can create an action that, on the detail page of an account, allows a user to create a contact related to that account from the Chatter feed on that page.QuickAction can be created on objects that allow custom fields."
QuoteSettings,Quote Settings,Quote Settings,false,false,settings,settings,true,Quote.settings,,false,false,"Enables or disables Quotes, which show proposed prices for products and services."
RecordType,Record Type,Record Types,false,false,objects,object,false,,CustomObject,false,false,"Represents the metadata associated with a record type. Record types let you offer different business processes, picklist values, and page layouts to different users. Use this metadata type to create, update, or delete record type definitions for a custom object."
RemoteSiteSetting,Remote Site Setting,Remote Site Settings,false,false,remoteSiteSettings,remoteSite,false,,,false,false,"Represents a remote site setting. Before any Visualforce page, Apex callout, or JavaScript code using XmlHttpRequest in an s-control or custom button can call an external site, that site must be registered in the Remote Site Settings page, or the call fails."
Report,Report,Reports,false,false,reports,report,false,,,false,true,Represents a custom report.
ReportFolder,Report Folder,Report Folders,false,false,reports,report,false,,,false,false,
ReportType,Report Type,Report Types,false,true,reportTypes,reportType,false,,,false,false,Represents the metadata associated with a custom report type. Custom report types allow you to build a framework from which users can create and customize reports.Custom report types allow you to build a framework from which users can create and customize reports.
Role,Role,Roles,false,true,roles,role,false,,,false,false,Represents a role in your organization.
SamlSsoConfig,Saml Sso Config,Saml Sso Configs,false,true,samlssoconfigs,samlssoconfig,false,,,false,false,Represents a SAML Single Sign-On configuration.
Scontrol,Scontrol,Scontrols,false,true,scontrols,scf,false,,,true,false,"Deprecated. Represents an Scontrol component, corresponding to an s-control in the Salesforce user interface."
SearchLayouts,Search Layouts,Search Layouts,false,false,objects,object,false,,CustomObject,false,false,"Represents the metadata associated with the Search Layouts for an object. You can customize which fields to display for users in search results, search filter fields, lookup dialogs, and recent record lists on tab home pages."
SearchSettings,Search Settings,Search Settings,false,false,settings,settings,true,Search.settings,,false,false,Represents an org's search settings.
SecuritySettings,Security Settings,Security Settings,false,false,settings,settings,true,Security.settings,,false,false,"Represents an organization’s security settings. Security settings define trusted IP ranges for network access, password and login requirements, and session expiration and security settings."
Settings,Settings,Settings,false,false,settings,settings,false,,,false,false,
SharingBaseRule,Sharing Base Rule,Sharing Base Rules,false,false,sharingRules,sharingRules,false,,SharingRules,false,false,Represents sharing rule settings such as access level and to whom access is granted.
SharingCriteriaRule,Sharing Criteria Rule,Sharing Criteria Rules,false,false,sharingRules,sharingRules,false,,SharingRules,false,false,
SharingOwnerRule,Sharing Owner Rule,Sharing Owner Rules,false,false,sharingRules,sharingRules,false,,SharingRules,false,false,
SharingReason,Sharing Reason,Sharing Reasons,false,false,objects,object,false,,CustomObject,false,false,"Represents an Apex sharing reason, which is used to indicate why sharing was implemented for a custom object."
SharingRecalculation,Sharing Recalculation,Sharing Recalculations,false,false,objects,object,false,,CustomObject,false,false,Represents Apex classes that recalculate the Apex managed sharing for a specific custom object.
SharingRules,Sharing Rules,Sharing Rules,false,true,sharingRules,sharingRules,false,,,false,false,"Represents the base container for sharing rules, which can be criteria-based, ownership-based, or territory-based. SharingRules enables you to share records with a set of users, using rules that specify the access level for the target user group."
SharingSet,Sharing Set,Sharing Sets,false,true,sharingSets,sharingSet,false,,,false,false,Represents a sharing set. A sharing set defines an access mapping that grants portal or community users access to objects that are associated with their accounts or contacts.
SiteDotCom,Site Dot Com,Site Dot Coms,false,true,siteDotComSites,site,false,,,true,false,Represents a site for deployment.
Skill,Skill,Skills,false,true,skills,skill,false,,,false,false,"Represents the settings for a skill used for field service or to route chats to agents in Live Agent, such as the name of the skill and which agents the skills are assigned to."
SocialCustomerServiceSettings,Social Customer Service Settings,Social Customer Service Settings,false,false,settings,settings,true,SocialCustomerService.settings,,false,false,Represents the Social Business Rules custom format for the Case Subject field on cases created from inbound social posts.
StandardValueSet,Standard Value Set,Standard Value Sets,false,false,standardValueSets,standardValueSet,false,,,false,false,Represents the set of values in a standard picklist field. This type extends the Metadata metadata type and inherits its fullName field.
StandardValueSetTranslation,Standard Value Set Translation,Standard Value Set Translations,false,true,standardValueSetTranslations,standardValueSetTranslation,false,,,false,false,Contains details for a standard picklist translation. It returns a translated standard value set.
StaticResource,Static Resource,Static Resources,false,true,staticresources,resource,false,,,true,false,"Represents a static resource file, often a code library in a ZIP file. Static resources allow you to upload content that you can reference in a Visualforce page, including archives (such as .zip and .jar files), images, style sheets, JavaScript, and other files."
SynonymDictionary,Synonym Dictionary,Synonym Dictionarys,false,true,synonymDictionaries,synonymDictionary,false,,,false,false,"Represents a set of synonym groups, which are groups of words or phrases that are treated as equivalent in users’ searches. You can define synonym groups to optimize search results for acronyms, variations of product names, and other terminology unique to your organization."
Territory,Territory,Territorys,false,true,territories,territory,false,,,false,false,Represents a territory in your organization.
Territory2,Territory2,Territory2s,false,true,territories,territory2,false,,,false,false,Represents the metadata associated with a sales territory in Territory Management 2.0.
Territory2Model,Territory2 Model,Territory2 Models,false,true,territories,territory2,false,,,false,false,Represents the metadata associated with a territory model in Territory Management 2.0.
Territory2Rule,Territory2 Rule,Territory2 Rules,false,true,territories,territory2,false,,,false,false,"Represents the metadata associated with a territory assignment rule associated with an object, such as Account, in Territory Management 2.0."
Territory2Settings,Territory2 Settings,Territory2 Settings,false,false,territories,territory2,false,,,false,false,"Represents the metadata for the default settings for Territory Management 2.0 users to access and modify records associated with sales territories. The standard record access settings apply to accounts and opportunities. If your Salesforce org uses Private default internal access for contacts or cases, you can also set access for those records."
Territory2Settings,Territory Settings,Territory Settings,false,false,settings,settings,true,Territory2.settings,,false,false,Represents the Social Business Rules custom format for the Case Subject field on cases created from inbound social posts.
Territory2Type,Territory2 Type,Territory2 Types,false,true,territories,territory2,false,,,false,false,Represents the metadata for a category of territories in Territory Management 2.0. Every Territory2 must have a Territory2Type.
TopicsForObjects,Topics For Objects,Topics For Objects,false,true,topicsForObjects,topicsForObjects,false,,,false,false,Represents the ability to assign topics to objects or to remove topic assignments.
TransactionSecurityPolicy,Transaction Security Policy,Transaction Security Policys,false,true,transactionSecurityPolicies,transactionSecurityPolicy,false,,,false,false,Represents a transaction security policy definition. Transaction Security policies give you a way to look through events in your organization and specify actions to take when certain combinations occur.
Translations,Translations,Translations,false,true,translations,translation,false,,,false,false,This metadata type allows you to work with translations for various supported languages.
UserCriteria,User Criteria,User Criteria,false,false,userCriteria,userCriteria,false,,,false,false,
ValidationRule,Validation Rule,Validation Rules,false,false,objects,object,false,,CustomObject,false,false,"Represents a validation rule, which is used to verify that the data a user enters in a record is valid and can be saved. A validation rule contains a formula or expression that evaluates the data in one or more fields and returns a value of true or false. Validation rules also include an error message that your client application can display to the user when the rule returns a value of true due to invalid data."
WaveApplication,Wave Application,Wave Applications,false,true,wave,wapp,false,,,false,false,Represents the Wave Analytics application.
WaveDashboard,Wave Dashboard,Wave Dashboards,false,true,wave,wdash,false,,,false,false,Represents the WaveDashboard object in the Wave Analytics application.
WaveDataflow,Wave Dataflow,Wave Dataflows,false,true,wave,wdf,false,,,false,false,Represents the WaveDataflow object in the Wave Analytics application.
WaveDataset,Wave Dataset,Wave Datasets,false,true,wave,wds,false,,,false,false,Represents the WaveDataset object in the Wave Analytics application.
WaveLens,Wave Lens,Wave Lens,false,true,wave,wlens,false,,,false,false,Represents the WaveLens object in the Wave Analytics application.
WaveTemplateBundle,Wave Template Bundle,Wave Template Bundles,false,true,waveTemplates,,false,,,false,false,"Represents a Wave Analytics template bundle, which can be used to create Wave apps. A bundle contains a Wave template definition and all its related resources."
Wavexmd,Wavexmd,Wavexmds,false,true,wave,xmd,false,,,false,false,Represents the WaveXmd object in the Wave Analytics application.
WebLink,Web Link,Web Links,false,false,objects,object,false,,CustomObject,false,false,Represents a custom button or link defined in a custom object.
Workflow,Workflow,Workflows,false,true,workflows,workflow,false,,,false,false,"Represents the metadata associated with a workflow rule. A workflow rule sets workflow actions into motion when its designated conditions are met. You can configure workflow actions to execute immediately when a record meets the conditions in your workflow rule, or set time triggers that execute the workflow actions on a specific day. Use this metadata type to create, update, or delete workflow rule definitions."
WorkflowAlert,Workflow Alert,Workflow Alerts,false,false,workflows,workflow,false,,Workflow,false,false,
WorkflowFieldUpdate,Workflow Field Update,Workflow Field Updates,false,false,workflows,workflow,false,,Workflow,false,false,
WorkflowFlowAction,Workflow Flow Action,Workflow Flow Actions,false,false,workflows,workflow,false,,Workflow,false,false,
WorkflowKnowledgePublish,Workflow Knowledge Publish,Workflow Knowledge Publishes,false,false,workflows,workflow,false,,Workflow,false,false,
WorkflowOutboundMessage,Workflow Outbound Message,Workflow Outbound Messages,false,false,workflows,workflow,false,,Workflow,false,false,
WorkflowRule,Workflow Rule,Workflow Rules,false,false,workflows,workflow,false,,Workflow,false,false,
WorkflowSend,Workflow Send,Workflow Sends,false,false,workflows,workflow,false,,Workflow,false,false,
WorkflowTask,Workflow Task,Workflow Tasks,false,false,workflows,workflow,false,,Workflow,false,false,
